"Material","Sample","Site","Li","Be","S","Sc","V","Cr","Co","Ni","Cu","Zn","Ga","As","Rb","Sr","Y","Zr","Nb","Mo","Sn","Sb","Cs","Ba","La","Ce","Pr","Nd","Sm","Eu","Gd","Tb","Dy","Ho","Er","Tm","Yb","Lu","Hf","Ta","W","Th","U"
"Sandstone","MA-200974","Eisenberg","25.85","5.87","2204.53","16.71","82.13","15.52","22.65","27.44","122.93","41.69","16.84","8.89","122.57","197.27","21.45","201.5","7.96","0.97","2.49","1.83","3.73","559.89","35.79","76.13","9.15","27.74","4.73","0.9","4.04","0.67","3.93","0.75","2.3","0.34","2.31","0.36","4.85","0.69","4.85","21.15","7.87"
"Ore","MA-200975","Eisenberg","28.7","4.15","481.61","7.6","48.12","31.54","7.35","22.97","32.45","143.68","9.85","36.73","101.31","83.28","25.77","36.9","4.76","3.26","1.98","1.6","11.45","697.27","13.56","24.24","3.25","15.86","4.42","1.01","4.85","0.78","4.73","0.96","2.69","0.37","2.4","0.35","1.17","0.36","1.13","5.19","1.64"
"Sandstone","MA-200976","Eisenberg","5.61","0.15","629.62","0.38","13.93","39.25","0.99","21.44","34.96","51.77","0.27","2.18","0.36","648.24","5.45","21.78","0.24","2.04","0.16","0.76","0.03","734.12","1.85","0.97","0.3","1.35","0.35","0.11","0.57","0.07","0.48","0.12","0.33","0.05","0.3","0.05","0.49","0.0","0.13","0.07","7.17"
"Ore","MA-200977","Eisenberg","18.61","9.66","262.73","6.27","70.22","36.66","14.53","58.07","30.09","87.71","8.27","43.76","68.96","241.86","53.39","23.29","3.04","35.45","1.31","4.42","8.38","1421.89","31.02","42.3","10.69","52.72","13.54","2.99","14.06","1.97","10.57","1.95","5.09","0.61","3.65","0.54","0.68","0.22","0.88","3.71","2.2"
"Oven Slag","MA-200978","Eisenberg","19.33","4.8","376.97","7.89","43.84","30.63","32.22","27.71","369.67","25.05","12.75","51.71","70.5","149.47","25.52","264.24","5.44","2.32","2.46","2.24","6.41","817.92","18.82","32.18","4.42","19.18","4.43","0.86","4.72","0.71","4.25","0.85","2.34","0.33","2.12","0.32","7.85","0.47","2.88","6.78","4.08"
"Oven Slag","MA-200979","Eisenberg","27.49","3.17","238.36","8.74","34.66","27.19","1.6","3.48","24.99","27.92","5.81","0.7","87.03","115.64","25.39","175.66","6.01","0.65","0.98","0.21","7.92","780.07","19.55","34.73","4.55","19.28","4.37","0.91","4.28","0.68","4.19","0.83","2.4","0.34","2.24","0.34","4.82","0.51","0.79","7.11","3.57"
"Oven Slag","MA-200980","Eisenberg","33.88","4.06","231.15","10.43","41.78","34.95","1.58","2.45","33.51","28.13","6.97","1.03","108.17","135.96","27.45","145.65","6.96","0.77","1.18","0.23","10.72","1050.0","21.77","38.79","4.99","22.63","5.52","1.14","4.81","0.73","4.62","0.96","2.74","0.37","2.73","0.37","4.17","0.61","0.89","7.44","4.12"
"Oven Slag","MA-200981","Eisenberg","9.69","0.96","176.17","5.1","12.89","16.49","5.36","18.0","12.13","12.87","3.96","3.88","19.43","48.53","14.93","64.0","2.73","0.5","0.97","0.2","1.63","187.93","11.16","16.47","2.21","9.7","2.27","0.51","2.34","0.35","2.28","0.47","1.38","0.21","1.37","0.19","1.9","0.23","0.85","3.02","1.04"
"Oven Slag","MA-200983","Eisenberg","28.16","10.45","349.27","11.94","60.78","39.62","127.13","247.92","345.92","54.88","10.55","111.89","108.86","253.4","27.75","248.44","7.6","5.3","2.74","3.96","10.63","605.71","26.02","45.3","5.94","27.05","6.1","1.08","5.93","0.86","4.93","0.98","2.84","0.42","2.79","0.43","6.96","0.66","1.58","10.05","8.6"
"Smithing Slag","MA-200984","Eisenberg","18.7","9.63","3164.08","7.69","34.56","36.38","3.94","10.58","30.63","10.42","5.5","2.57","74.41","113.09","24.56","88.78","5.2","4.21","1.66","1.59","6.21","988.41","21.01","39.99","5.63","19.78","4.68","0.98","4.43","0.74","4.21","0.84","2.33","0.3","1.94","0.29","2.37","0.45","2.37","6.53","2.26"
"Smithing Slag","MA-200985","Eisenberg","6.45","0.43","314.13","4.33","20.49","15.5","58.67","409.59","60.58","12.21","3.37","53.76","16.28","96.76","7.57","74.63","3.02","4.3","1.46","2.19","0.76","253.03","6.7","10.27","1.43","6.09","1.33","0.26","1.35","0.2","1.24","0.25","0.77","0.11","0.71","0.12","2.21","0.19","0.6","2.3","0.55"
"Smithing Slag","MA-200986","Eisenberg","10.06","2.14","251.32","5.36","16.65","15.44","71.92","17.12","48.26","22.2","3.7","3.92","53.61","57.41","11.26","70.35","2.94","1.43","1.41","0.75","5.01","250.31","10.08","17.7","2.38","9.5","2.32","0.42","2.08","0.3","1.96","0.39","1.21","0.18","1.19","0.17","1.99","0.26","0.64","4.2","1.37"
"Smithing Slag","MA-200987","Eisenberg","5.88","0.76","1749.54","2.05","11.44","11.14","0.01","934.44","66.26","17.49","2.46","26.95","11.25","55.77","3.04","18.37","1.01","8.0","1.13","0.77","0.77","246.85","3.16","6.32","0.9","2.97","0.66","0.15","0.58","0.09","0.53","0.11","0.32","0.04","0.3","0.05","0.58","0.09","0.58","0.99","0.4"
"Plate Slag","MA-200989","Eisenberg","27.55","9.72","235.99","10.38","33.49","27.77","5.5","3.81","29.42","64.0","6.49","0.91","56.96","136.92","58.92","291.21","6.22","0.62","1.34","0.09","5.34","517.11","24.96","44.76","6.44","30.57","7.95","1.69","9.02","1.4","8.76","1.93","5.38","0.75","4.66","0.68","8.42","0.56","0.81","7.73","6.63"
"Plate Slag","MA-200990","Eisenberg","11.48","1.64","167.61","4.6","11.88","10.34","3.58","3.46","9.45","4.97","3.88","1.49","30.72","51.4","10.32","94.61","2.2","0.33","0.98","0.32","2.71","240.97","7.66","12.47","1.66","7.13","1.72","0.36","1.63","0.26","1.56","0.32","0.94","0.13","0.93","0.14","2.73","0.19","0.45","2.66","0.84"
"Plate Slag","MA-200991","Eisenberg","5.88","0.39","162.57","2.65","3.29","5.41","14.79","62.42","11.9","5.44","2.91","2.85","9.17","22.26","6.7","47.94","1.06","0.23","0.85","0.2","0.75","63.44","5.26","7.86","1.08","4.58","0.97","0.2","1.01","0.16","0.96","0.2","0.57","0.08","0.54","0.08","1.38","0.1","0.72","1.52","0.42"
"Plate Slag","MA-200992","Eisenberg","34.16","10.13","290.89","12.13","44.44","36.77","3.8","2.72","18.64","49.16","9.76","1.45","110.11","310.93","33.22","324.42","8.51","1.12","1.54","0.13","11.72","941.29","29.21","51.53","6.83","28.25","6.31","1.17","6.12","0.93","5.6","1.13","3.32","0.46","3.19","0.47","9.14","0.74","1.3","11.67","6.78"
"Plate Slag","MA-200994","Eisenberg","49.67","8.43","320.49","11.72","34.57","30.84","3.96","4.5","7.14","32.91","6.79","2.67","98.42","103.77","48.98","248.05","7.03","0.63","1.26","0.19","8.8","473.55","25.49","46.34","6.02","26.3","6.71","1.36","7.03","1.14","7.1","1.53","4.48","0.65","4.26","0.63","6.78","0.62","1.0","8.96","6.01"
"Plate Slag","MA-200995","Eisenberg","37.95","13.02","271.91","13.75","49.09","39.01","11.83","12.36","10.68","72.63","9.0","5.52","102.89","290.39","40.09","133.75","7.49","1.28","1.32","0.14","9.12","555.06","28.83","45.35","5.82","25.38","5.55","1.11","6.03","0.92","5.59","1.2","3.56","0.48","3.25","0.46","4.0","0.66","0.77","7.84","14.8"
"Plate Slag","MA-200996","Eisenberg","33.37","8.51","391.43","11.33","33.87","31.7","9.14","6.66","26.44","45.94","8.31","3.57","81.13","161.41","55.3","215.0","7.16","0.72","1.63","0.27","7.85","584.64","26.08","46.24","6.15","26.11","6.45","1.37","7.5","1.14","7.23","1.57","4.44","0.59","3.73","0.57","6.18","0.65","1.09","9.06","8.35"
"Plate Slag","MA-200997","Eisenberg","34.0","12.9","2510.0","11.3","45.0","36.0","7.8","9.4","78.0","281.0","7.3","1.7","104.0","370.0","38.0","122.0","7.6","1.31","2.1","0.1","8.1","350.0","31.0","55.0","7.5","24.6","5.5","1.25","5.3","0.91","5.1","1.07","3.0","0.41","2.74","0.37","2.89","0.59","1.24","7.3","9.8"
"Plate Slag","MA-200998","Eisenberg","28.62","5.56","288.52","9.94","32.63","21.82","7.9","6.39","53.24","54.53","7.87","3.02","101.93","213.45","29.21","171.01","6.11","1.01","1.51","0.17","9.37","646.97","22.87","39.84","5.25","23.12","5.25","1.05","5.22","0.79","4.79","0.98","2.81","0.39","2.58","0.39","4.34","0.54","1.13","7.94","7.35"
"Plate Slag","MA-200999","Eisenberg","18.98","8.75","323.53","9.88","22.44","34.31","4.39","5.19","68.15","37.04","4.06","3.63","56.31","126.68","72.52","128.14","6.58","1.22","5.81","0.29","5.1","411.69","39.29","57.62","7.88","35.22","8.31","1.93","9.85","1.48","9.01","1.92","5.23","0.73","4.75","0.61","3.68","0.55","0.83","7.18","4.9"
"Flow Slag","MA-201000","Eisenberg","21.89","3.0","276.09","10.08","31.23","46.6","2.79","13.18","7.81","36.82","5.74","1.59","58.2","94.35","47.65","219.84","5.79","0.68","0.76","0.06","4.21","382.52","25.91","38.87","5.28","22.69","5.19","1.15","5.78","0.94","5.87","1.26","3.69","0.51","3.28","0.48","6.05","0.5","0.71","5.51","4.38"
"Flow Slag","MA-201001","Eisenberg","24.21","6.62","302.09","10.54","31.33","29.71","7.27","2.53","11.33","12.13","5.62","2.23","80.61","232.64","28.03","242.84","6.82","1.48","1.22","0.1","7.4","461.32","25.89","44.81","6.08","25.42","5.91","1.08","5.37","0.83","4.98","0.99","2.85","0.41","2.78","0.4","6.49","0.6","1.05","9.64","4.54"
"Flow Slag","MA-201002","Eisenberg","26.15","3.8","390.9","12.58","44.38","59.63","2.5","15.02","11.39","42.27","6.55","1.29","69.08","120.8","57.65","218.84","7.05","0.72","0.9","0.07","4.98","462.95","30.81","45.47","6.07","26.95","6.15","1.33","6.97","1.1","7.06","1.5","4.35","0.61","3.96","0.57","6.07","0.62","0.7","6.69","4.95"
"Flow Slag","MA-201003","Eisenberg","27.23","7.02","275.11","8.18","20.41","14.45","6.65","4.91","15.43","41.91","5.81","2.41","71.7","71.24","42.42","127.48","4.13","0.62","1.16","0.21","6.12","363.16","17.95","32.5","4.31","19.05","5.0","1.07","5.69","0.89","5.68","1.19","3.57","0.52","3.39","0.52","3.69","0.38","0.81","6.0","4.96"
"Flow Slag","MA-201004","Eisenberg","15.95","2.14","367.15","6.74","45.74","19.85","10.75","17.61","18.38","36.31","6.51","30.86","48.72","113.01","13.63","113.55","4.52","2.37","1.76","0.46","3.44","762.3","15.06","25.35","3.35","14.75","3.4","0.68","2.96","0.42","2.47","0.48","1.37","0.2","1.35","0.19","3.62","0.36","1.02","4.68","1.32"
"Flow Slag","MA-201005","Eisenberg","26.74","8.48","293.67","12.49","46.13","40.67","4.43","4.46","9.05","25.97","6.61","1.03","139.98","163.49","67.0","322.62","6.75","0.64","0.97","0.05","18.05","825.78","29.66","61.8","7.99","38.82","10.44","2.16","11.69","1.73","10.1","2.07","5.8","0.79","4.97","0.71","9.36","0.63","0.79","9.53","3.39"
"Flow Slag","MA-201006","Eisenberg","12.58","1.71","233.8","6.2","17.97","15.7","19.15","11.64","18.78","21.76","6.54","9.67","30.01","122.58","18.28","253.17","4.24","0.36","1.2","0.31","1.95","410.48","13.65","22.92","3.02","12.83","3.28","0.55","2.79","0.42","2.59","0.54","1.49","0.23","1.61","0.22","6.71","0.37","0.91","4.79","1.21"
"Flow Slag","MA-201008","Eisenberg","12.68","4.98","260.73","5.43","13.27","14.76","0.87","4.37","9.71","12.26","5.79","0.49","53.05","98.65","17.31","92.39","4.19","0.23","1.27","0.0","4.34","398.47","15.7","23.75","3.34","14.0","2.75","0.64","2.91","0.43","2.8","0.53","1.55","0.19","1.4","0.2","2.71","0.36","1.87","4.51","3.32"
"Flow Slag","MA-201010","Eisenberg","35.81","4.24","293.19","11.82","47.9","38.42","1.89","2.52","28.07","27.21","7.84","1.04","108.97","147.33","35.66","268.87","8.39","0.71","1.11","0.1","10.45","1055.29","26.69","45.28","6.28","26.3","6.38","1.26","5.97","0.94","5.76","1.18","3.41","0.49","3.23","0.46","7.16","0.74","1.02","9.41","4.21"
"Flow Slag","MA-201011","Eisenberg","34.23","7.12","282.86","11.8","36.76","28.42","16.47","3.67","69.32","128.51","6.34","1.42","64.35","137.58","50.21","349.35","7.18","0.48","1.62","0.17","5.16","647.52","25.14","44.12","6.23","27.13","7.05","1.48","8.23","1.31","8.12","1.7","4.89","0.71","4.73","0.7","9.38","0.63","1.01","9.24","9.24"
"Flow Slag","MA-201012","Eisenberg","37.05","14.82","333.11","12.71","37.41","31.44","7.48","6.97","8.25","37.39","8.83","3.1","111.22","303.35","38.06","146.15","7.66","1.6","1.64","0.13","10.99","441.14","30.61","48.67","6.51","28.77","6.86","1.41","6.75","1.02","6.2","1.3","3.67","0.52","3.49","0.48","4.19","0.63","0.91","8.21","16.35"
"Ore","MA-201429","Imbasch","2.64","380.0","2330.0","28.9","86.0","12.6","65.0","80.0","273.0","350.0","5.5","310.0","27.7","88.0","196.0","16.3","2.56","4.4","1.53","26.6","7.2","770.0","26.9","24.2","10.17","51.0","20.4","3.1","23.1","4.5","26.5","5.5","16.0","2.33","15.4","2.33","0.39","0.09","30.0","3.8","69.0"
"Ore","MA-201430","Hettenleidelheim","30.0","11.3","2650.0","8.0","61.0","38.0","22.0","44.0","26.0","116.0","8.9","45.0","104.0","84.0","18.7","37.0","4.1","1.98","1.9","3.8","12.5","1100.0","14.0","27.8","4.26","15.5","4.0","1.07","3.7","0.69","3.8","0.77","1.95","0.28","1.69","0.24","1.06","0.34","1.0","4.1","4.1"
"Ore","MA-201431","Hettenleidelheim","9.6","11.2","2320.0","3.2","32.0","18.3","32.0","56.0","21.5","107.0","3.4","6.9","38.0","36.0","13.3","17.9","1.46","0.64","1.44","1.34","4.9","430.0","6.1","13.4","2.04","8.2","2.55","0.61","2.43","0.42","2.74","0.49","1.36","0.19","1.25","0.18","0.42","0.16","0.51","1.51","2.56"
"Ore","MA-201432","Hettenleidelheim","19.0","10.8","2260.0","6.3","50.0","29.5","13.9","32.0","15.2","79.0","5.6","12.8","58.0","34.0","12.9","86.0","2.7","0.93","1.38","1.7","5.6","360.0","7.9","27.6","2.34","9.2","2.74","0.65","2.35","0.45","2.68","0.48","1.4","0.19","1.32","0.2","2.84","0.21","0.82","3.2","1.82"
"Ore","MA-201433","Tiefenthal","5.0","7.2","3700.0","7.6","152.0","74.0","17.2","110.0","16.4","63.0","2.4","128.0","15.5","0.01","29.1","19.8","2.53","16.0","0.78","3.8","1.78","2200.0","7.9","49.0","2.32","8.7","2.54","0.68","3.2","0.67","3.8","0.86","2.48","0.38","2.15","0.37","0.46","0.22","0.74","2.67","2.99"
"Ore","MA-201434","Tiefenthal","28.0","14.1","3400.0","7.8","56.0","34.0","34.0","151.0","161.0","117.0","7.3","11.6","84.0","145.0","36.0","37.0","3.8","2.32","1.7","1.47","7.1","2250.0","25.8","51.0","7.7","31.0","7.7","1.94","8.3","1.27","7.0","1.34","3.6","0.48","2.92","0.44","1.01","0.3","0.97","5.4","2.76"
"Ore","MA-201535","Eisenberg","18.34","10.81","3213.52","6.07","128.5","23.53","20.02","46.04","21.88","138.09","5.59","46.3","54.65","179.57","36.24","16.94","2.34","20.2","1.3","1.87","5.16","1787.17","21.66","21.27","6.37","24.86","6.5","1.54","6.35","1.0","5.65","1.11","2.99","0.39","2.48","0.39","0.46","0.18","0.46","2.06","3.95"
"Ore","MA-201912","Hettenleidelheim","6.63","14.87","3605.12","6.53","85.89","99.35","8.57","55.29","53.2","79.2","4.45","2245.39","34.88","20.7","10.76","37.61","3.51","8.9","1.31","5.84","2.86","171.84","7.78","11.06","2.63","10.19","2.73","0.69","2.3","0.44","2.5","0.48","1.43","0.19","1.56","0.24","1.63","0.32","1.63","4.08","4.44"
"Ore","MA-201914","Stumpfwald","25.02","30.13","3869.76","10.03","63.1","47.94","45.89","83.82","51.33","56.76","8.2","9.17","84.05","34.48","13.94","61.61","5.69","0.75","6.69","7.27","11.18","1111.08","5.07","20.59","2.2","9.17","3.83","1.2","4.79","0.73","3.63","0.62","1.53","0.22","1.3","0.21","1.99","0.46","1.99","2.64","2.04"
"Iron-SI","MA-201419","Eisenberg","36.47","5.64","1390.51","19.74","1.71","3.93","0.86","9.27","1.65","4.12","1.06","1.24","94.68","825.82","100.21","166.26","4.2","0.49","0.15","0.14","6.05","2030.98","58.76","101.33","13.19","52.39","12.41","3.15","13.32","1.92","12.21","2.71","7.82","1.06","7.28","1.15","3.79","0.83","3.79","9.09","9.44"
"Iron-SI","MA-201419","Eisenberg","35.41","5.42","1224.28","18.76","1.04","2.88","0.93","8.94","2.51","1.17","0.42","3.77","83.63","808.42","104.67","170.47","4.1","0.01","0.27","0.1","5.79","1971.27","63.86","110.75","13.92","54.41","12.42","3.33","14.83","2.0","14.01","2.88","8.65","1.33","7.97","1.23","4.55","0.86","4.55","9.89","9.83"
"Iron-SI","MA-201419","Eisenberg","36.24","6.92","718.32","25.08","0.31","0.01","0.14","2.75","1.37","2.94","1.22","0.01","129.53","622.41","103.0","162.11","1.21","0.06","0.01","0.01","8.42","1992.95","64.68","112.0","13.99","53.67","10.96","3.05","16.33","2.28","13.25","2.95","8.3","1.22","8.57","1.44","5.12","0.72","5.12","10.55","9.38"
"Iron-SI","MA-201419","Eisenberg","38.3","6.04","2297.87","24.41","0.52","0.01","0.34","4.21","1.12","3.31","0.68","2.26","130.75","677.09","111.52","187.96","2.01","0.17","0.01","0.01","8.28","1980.58","66.66","114.07","14.16","60.64","11.81","3.6","15.37","2.25","14.88","2.75","9.09","1.28","7.63","1.36","5.34","0.77","5.34","10.38","10.5"
"Iron-SI","MA-201419","Eisenberg","36.04","5.81","1757.67","23.12","0.77","1.29","0.06","0.38","0.86","3.53","1.09","0.37","126.17","664.41","109.6","176.73","3.15","0.27","0.01","0.01","9.19","1963.99","64.58","113.26","14.37","57.93","13.13","3.31","15.42","2.17","13.2","2.9","8.28","1.2","7.71","1.27","4.55","0.92","4.55","9.77","10.19"
"Iron-SI","MA-201419","Eisenberg","36.46","5.76","403.52","21.77","2.56","2.78","0.07","2.18","0.47","2.41","0.85","0.01","127.94","645.79","105.26","181.64","4.46","0.24","0.01","0.06","9.71","1882.1","61.85","106.48","13.48","56.43","12.41","2.94","14.25","2.09","13.35","2.65","8.71","1.17","6.89","1.08","4.87","0.8","4.87","9.56","10.03"
"Iron-SI","MA-201419","Eisenberg","35.0","8.17","1681.09","21.46","1.5","3.15","0.79","5.97","1.53","16.16","1.12","0.01","123.05","650.34","103.55","178.41","3.87","0.35","0.18","0.09","8.52","1895.6","62.54","106.95","12.82","56.28","13.18","3.11","15.3","2.15","12.6","2.92","8.1","1.22","6.94","1.23","4.43","0.77","4.43","9.35","9.88"
"Iron-SI","MA-201419","Eisenberg","34.67","5.02","2659.09","24.28","2.11","3.22","1.85","17.56","4.2","13.97","0.9","1.06","126.61","617.68","104.53","173.14","4.41","0.49","0.01","0.29","10.06","1817.82","59.49","106.02","13.47","54.99","11.69","3.41","14.69","2.18","14.36","2.92","9.11","1.2","8.02","0.97","4.95","0.78","4.95","9.64","9.38"
"Iron-SI","MA-201419","Eisenberg","32.42","6.56","2900.25","24.19","1.59","2.89","1.0","13.03","0.93","2.69","1.52","3.15","111.77","608.59","110.89","177.73","5.45","0.63","0.18","0.01","9.9","1761.63","62.55","108.75","13.47","53.2","12.06","2.94","16.26","2.19","14.02","3.08","8.49","1.18","8.15","1.29","5.05","0.84","5.05","9.46","9.06"
"Iron-SI","MA-201419","Eisenberg","31.3","5.66","1641.37","17.79","38.73","39.42","0.19","1.94","0.68","2.28","1.8","0.01","77.13","751.99","92.07","155.83","10.19","0.67","0.27","0.01","4.12","1907.53","52.64","94.3","11.27","47.66","9.67","2.8","11.9","1.89","11.39","2.34","7.3","1.02","6.15","0.94","3.9","0.76","3.9","8.3","8.44"
"Iron-SI","MA-201419","Eisenberg","33.71","5.74","1424.96","19.16","42.64","38.81","0.56","6.92","0.6","1.14","1.53","0.58","73.9","749.44","90.12","153.59","10.5","0.46","0.01","0.01","3.88","1887.66","53.4","94.77","11.87","47.54","10.3","2.56","12.0","1.88","11.27","2.47","7.08","0.89","7.24","0.98","4.35","0.76","4.35","8.51","8.14"
"Iron-SI","MA-201419","Eisenberg","34.97","5.87","1723.64","21.72","7.92","8.27","1.26","10.99","5.25","14.73","1.07","1.29","110.87","694.19","103.45","170.78","4.66","0.32","0.11","0.06","7.59","1888.54","60.48","105.44","13.25","53.56","11.62","3.07","14.46","2.07","12.95","2.75","8.04","1.16","7.31","1.18","4.61","0.81","4.61","9.36","9.36"
"Iron-SI-P","MA-201421","Eisenberg","19.78","1.39","831.32","9.56","20.34","22.66","5.03","4.33","3.72","1.3","5.62","0.56","48.16","125.52","10.37","128.45","5.01","0.44","1.9","0.01","2.26","302.91","12.37","24.42","2.73","11.54","2.41","0.44","2.24","0.3","1.85","0.34","1.13","0.11","1.14","0.18","3.75","0.34","3.75","3.6","1.13"
"Iron-SI-P","MA-201421","Eisenberg","17.82","0.85","1526.51","8.26","21.43","24.61","12.7","17.05","7.84","5.94","5.56","4.71","43.09","126.61","9.91","120.49","4.91","0.22","1.95","0.04","2.04","293.11","12.58","24.95","2.99","9.44","2.41","0.57","2.02","0.33","1.36","0.36","0.81","0.12","1.03","0.17","3.55","0.26","3.55","3.36","1.25"
"Iron-SI-P","MA-201421","Eisenberg","27.35","1.28","1130.44","12.47","26.09","25.68","2.52","3.47","3.41","3.12","4.9","6.28","93.98","176.44","14.13","176.63","6.78","0.03","4.01","0.19","4.62","442.39","17.19","35.49","4.29","14.29","3.06","0.58","3.09","0.45","2.63","0.46","1.59","0.3","1.23","0.19","4.74","0.5","4.74","5.27","2.01"
"Iron-SI-P","MA-201421","Eisenberg","37.12","0.94","2430.69","15.15","32.67","32.85","22.89","40.68","15.58","3.35","2.09","35.27","82.78","222.25","13.74","169.06","6.63","0.09","3.41","0.79","4.09","481.95","19.01","37.82","4.73","16.15","3.25","0.58","2.84","0.47","2.42","0.52","2.29","0.18","1.81","0.3","4.1","0.54","4.1","6.1","2.08"
"Iron-SI-P","MA-201421","Eisenberg","41.07","1.03","2217.36","15.59","35.25","29.57","1.26","0.8","1.28","1.39","1.34","1.68","90.32","227.98","17.23","212.54","8.64","0.05","1.15","0.01","4.03","529.3","22.27","45.56","5.07","19.03","3.97","0.92","3.73","0.49","3.16","0.62","1.93","0.31","1.82","0.27","5.12","0.59","5.12","6.29","2.62"
"Iron-SI-P","MA-201421","Eisenberg","23.48","1.15","1078.84","10.45","22.61","25.27","68.4","122.02","44.97","6.89","5.67","59.79","59.18","138.87","8.23","105.26","5.34","0.21","5.03","3.44","2.65","330.2","11.9","26.12","2.28","10.19","2.19","0.41","3.16","0.14","1.29","0.29","1.12","0.2","0.85","0.18","2.87","0.28","2.87","3.36","1.8"
"Iron-SI-P","MA-201421","Eisenberg","29.52","1.29","1399.81","12.37","30.12","31.34","19.05","32.4","18.27","4.81","4.75","37.59","69.65","204.47","15.11","173.99","7.46","0.1","4.09","1.16","3.24","459.33","17.94","37.11","4.18","16.99","3.35","0.64","2.75","0.51","2.57","0.47","1.27","0.26","1.38","0.21","4.68","0.43","4.68","5.59","2.28"
"Iron-SI-P","MA-201421","Eisenberg","34.78","3.39","0.01","20.39","9.52","16.74","138.59","189.79","43.02","27.73","3.74","93.62","82.73","136.37","14.95","230.69","7.93","4.21","1.36","2.32","4.92","411.79","17.58","31.31","4.11","23.1","4.41","1.2","1.29","0.38","2.45","0.75","1.83","0.42","2.6","0.25","4.3","0.58","4.3","6.61","2.1"
"Iron-SI-P","MA-201421","Eisenberg","38.26","1.41","1950.48","16.32","13.08","5.05","2.9","6.04","1.28","0.98","0.39","0.58","103.11","226.45","19.65","256.51","8.93","0.04","0.21","0.1","5.15","578.49","24.25","46.82","5.31","22.38","5.19","1.0","2.83","0.53","2.86","0.72","2.03","0.3","2.58","0.28","6.92","0.75","6.92","6.89","2.7"
"Iron-SI-P","MA-201421","Eisenberg","45.61","0.61","154.69","21.71","18.09","13.99","39.54","58.07","16.52","7.72","1.94","18.73","74.88","207.4","17.55","228.12","14.39","0.93","1.48","0.17","5.65","773.16","29.66","38.23","5.49","35.27","9.71","1.07","3.57","0.59","4.35","0.75","5.22","0.52","4.68","0.36","4.38","1.02","4.38","5.83","2.37"
"Iron-SI-P","MA-201421","Eisenberg","26.44","1.7","117.29","12.4","12.48","2.8","92.05","144.92","35.8","0.5","2.01","51.14","69.59","185.36","16.06","204.19","8.93","1.48","1.32","1.46","3.26","418.16","18.61","38.74","4.67","19.61","4.17","0.53","3.05","0.44","3.02","0.65","1.98","0.14","1.68","0.25","5.01","0.64","5.01","6.26","2.25"
"Iron-SI-P","MA-201421","Eisenberg","31.02","1.37","1167.04","14.06","21.97","20.96","36.81","56.32","17.43","5.79","3.46","28.18","74.32","179.79","14.27","182.36","7.72","0.71","2.36","0.88","3.81","456.44","18.49","35.14","4.17","18.0","4.01","0.72","2.78","0.42","2.54","0.54","1.93","0.26","1.89","0.24","4.49","0.54","4.49","5.38","2.05"
"Iron-SI","MA-201422","Eisenberg","41.47","5.23","766.83","7.15","63.77","48.8","4.83","10.64","20.41","3.7","21.11","1.38","170.19","172.83","29.36","172.59","14.8","0.01","1.81","0.18","15.34","555.69","30.48","72.6","8.52","37.57","9.42","0.87","6.12","0.92","4.93","0.79","3.1","0.37","1.99","0.24","4.69","0.83","4.69","9.35","5.2"
"Iron-SI","MA-201422","Eisenberg","25.59","7.64","723.42","11.85","209.65","207.48","1.42","1.54","3.4","3.9","10.56","0.19","43.29","103.3","42.32","225.95","10.43","1.1","1.33","0.06","2.54","479.18","26.67","51.78","6.58","27.69","6.58","1.43","5.91","0.81","5.82","1.17","4.05","0.47","3.31","0.52","5.32","0.66","5.32","6.11","9.83"
"Iron-SI","MA-201422","Eisenberg","24.99","6.87","1449.61","9.95","229.29","231.2","8.13","39.89","6.08","8.44","14.0","2.38","31.81","72.89","34.08","163.91","7.77","2.18","0.5","0.23","1.66","390.55","19.83","40.69","4.97","22.35","4.72","1.13","5.08","0.77","5.65","0.92","3.39","0.41","2.89","0.31","3.77","0.4","3.77","4.16","8.04"
"Iron-SI","MA-201422","Eisenberg","23.46","9.35","593.3","11.45","190.33","206.18","7.75","59.38","8.71","7.52","16.05","9.97","44.12","110.98","48.82","268.67","11.89","1.71","1.73","1.06","1.92","550.71","30.71","58.79","7.59","32.14","7.44","1.62","6.73","1.04","7.63","1.57","4.09","0.54","3.58","0.49","6.74","0.72","6.74","6.91","12.07"
"Iron-SI","MA-201422","Eisenberg","23.27","5.67","1424.2","9.64","217.84","275.42","17.06","132.01","14.61","5.47","11.16","19.45","26.66","75.74","33.16","177.57","7.53","0.61","1.41","1.94","1.42","393.71","20.1","40.32","5.68","24.72","4.65","1.05","4.43","0.84","5.11","1.05","2.61","0.28","2.69","0.3","4.57","0.47","4.57","4.25","8.38"
"Iron-SI","MA-201422","Eisenberg","27.76","6.95","991.47","10.01","182.18","193.82","7.84","48.69","10.64","5.8","14.58","6.67","63.21","107.15","37.55","201.74","10.49","1.12","1.36","0.7","4.58","473.97","25.56","52.84","6.67","28.9","6.56","1.22","5.65","0.88","5.83","1.1","3.45","0.41","2.89","0.37","5.02","0.62","5.02","6.16","8.7"
"Iron-SI","MA-201423","Eisenberg","20.78","3.42","680.29","8.55","61.27","42.23","5.02","1.33","4.08","3.11","10.88","0.29","26.93","49.49","62.77","130.17","5.74","0.76","3.14","0.03","3.29","232.9","35.68","77.77","8.07","35.37","7.84","1.57","9.2","1.27","8.72","1.74","5.03","0.67","4.21","0.66","3.44","0.53","3.44","4.82","1.18"
"Iron-SI","MA-201423","Eisenberg","20.32","5.22","2973.77","8.66","66.17","46.06","5.35","0.01","5.24","1.65","10.53","0.07","27.37","51.94","61.15","130.13","6.13","0.98","2.35","0.06","3.31","234.18","35.1","76.61","7.88","31.87","8.0","1.38","9.36","1.36","8.88","1.65","5.21","0.76","3.75","0.69","3.15","0.5","3.15","4.53","1.23"
"Iron-SI","MA-201423","Eisenberg","21.68","3.46","2404.04","10.28","81.44","59.98","6.48","2.06","6.05","1.67","8.85","5.67","27.77","50.48","65.28","133.13","5.92","0.75","3.36","0.2","3.56","227.23","34.56","77.21","8.12","34.39","7.3","1.39","8.17","1.34","8.86","1.82","5.55","0.69","4.32","0.63","3.07","0.39","3.07","4.39","1.2"
"Iron-SI","MA-201423","Eisenberg","21.7","4.2","1158.74","8.19","67.24","43.88","3.83","1.06","4.07","4.01","11.67","1.28","32.44","68.1","71.37","156.05","7.19","0.81","3.21","0.01","3.87","305.5","42.86","94.18","10.07","40.71","8.72","1.78","10.15","1.58","9.96","1.99","5.6","0.79","5.02","0.63","3.65","0.53","3.65","5.7","1.56"
"Iron-SI","MA-201423","Eisenberg","23.7","3.65","934.29","9.29","47.02","28.09","3.72","0.01","4.13","2.47","9.62","0.24","30.2","59.12","71.83","146.01","7.04","0.22","3.36","0.02","3.82","270.52","41.51","90.21","9.48","38.58","9.34","1.79","9.53","1.61","9.38","2.05","5.55","0.72","4.53","0.73","3.74","0.53","3.74","5.83","1.52"
"Iron-SI","MA-201423","Eisenberg","21.56","4.69","1162.41","7.1","45.84","28.43","4.12","0.01","5.13","5.29","10.28","2.2","35.24","66.55","70.96","149.19","7.11","0.58","3.6","0.14","4.7","290.79","44.53","95.81","10.28","40.45","9.75","1.91","10.27","1.57","9.18","2.04","5.95","0.72","4.04","0.65","3.87","0.5","3.87","6.0","1.39"
"Iron-SI","MA-201423","Eisenberg","21.54","4.22","1028.1","5.82","26.13","21.29","6.55","0.35","3.61","4.16","12.62","0.33","27.7","59.65","61.35","117.5","5.95","1.37","2.89","0.01","3.67","266.78","39.25","84.05","8.4","36.56","8.64","1.55","9.64","1.29","7.57","1.63","4.76","0.53","3.9","0.45","3.36","0.47","3.36","5.25","1.35"
"Iron-SI","MA-201423","Eisenberg","22.02","4.1","811.91","10.13","48.75","25.29","3.71","0.61","3.44","8.89","9.93","3.58","28.07","64.73","73.7","152.53","6.9","0.58","2.73","0.01","3.4","292.76","44.25","94.17","9.86","36.54","7.88","1.83","9.43","1.35","9.2","2.0","5.47","0.8","5.18","0.72","4.1","0.48","4.1","5.69","1.43"
"Iron-SI","MA-201423","Eisenberg","20.28","3.4","323.35","7.4","45.02","26.65","5.92","1.18","3.38","2.32","10.38","4.1","33.17","60.53","54.9","112.56","5.39","1.13","4.61","0.17","3.65","256.7","33.34","74.13","7.66","29.6","6.84","1.57","8.4","1.11","7.01","1.42","4.5","0.68","3.63","0.5","3.05","0.44","3.05","4.34","1.03"
"Iron-SI","MA-201423","Eisenberg","20.1","3.6","744.9","8.81","76.08","51.31","5.12","0.15","4.48","2.81","8.81","0.25","27.42","56.47","67.24","136.39","6.0","0.55","4.49","0.16","3.56","255.74","38.87","85.87","9.07","36.62","7.88","1.66","8.99","1.42","9.65","1.73","5.03","0.78","4.68","0.69","3.63","0.52","3.63","5.14","1.4"
"Iron-SI","MA-201423","Eisenberg","21.39","3.8","1476.24","8.37","58.09","39.1","23.77","29.15","6.85","3.17","10.44","36.32","29.45","58.21","65.7","135.98","6.38","1.04","3.43","0.39","3.71","260.81","39.14","84.82","8.85","36.33","8.14","1.66","9.22","1.38","8.81","1.79","5.29","0.7","4.29","0.63","3.51","0.48","3.51","5.14","1.33"
"Iron-SI-P","MA-201425","Eisenberg","29.76","5.51","996.6","8.84","123.56","366.99","1.46","7.25","12.69","54.03","17.26","1.42","32.46","118.87","31.82","72.72","4.35","0.25","0.16","0.26","2.7","369.7","20.33","36.78","4.84","19.26","4.72","0.96","4.06","0.55","4.7","0.83","2.9","0.3","2.98","0.39","2.08","0.23","2.08","3.59","6.02"
"Iron-SI-P","MA-201425","Eisenberg","27.21","1.82","1224.66","6.62","153.26","497.01","2.25","21.08","13.69","93.05","23.59","7.25","4.42","96.48","27.4","75.99","4.18","0.75","0.62","0.58","0.99","251.65","16.21","31.57","4.57","16.82","3.57","1.04","4.06","0.42","3.46","0.58","2.37","0.28","2.14","0.28","1.66","0.26","1.66","2.68","5.1"
"Iron-SI-P","MA-201425","Eisenberg","20.0","1.73","1200.08","8.82","88.35","239.96","3.66","36.89","12.41","29.5","15.26","7.94","39.83","242.55","18.02","149.01","5.12","0.68","0.39","0.32","1.73","306.96","16.82","34.43","4.01","16.6","3.15","0.77","3.33","0.53","2.7","0.65","1.58","0.33","1.57","0.23","4.12","0.49","4.12","4.95","2.61"
"Iron-SI-P","MA-201425","Eisenberg","25.66","3.02","1140.44","8.09","121.72","367.99","2.46","21.74","12.93","58.86","18.7","5.54","25.57","152.64","25.75","99.24","4.55","0.56","0.39","0.39","1.8","309.43","17.79","34.26","4.47","17.56","3.81","0.92","3.82","0.5","3.62","0.69","2.28","0.3","2.23","0.3","2.62","0.32","2.62","3.74","4.58"
"Iron-SI-P","MA-201426","Eisenberg","15.46","4.43","1784.49","7.6","28.2","17.91","38.19","23.45","5.0","4.96","10.34","2.38","33.67","111.7","46.09","121.56","4.55","0.28","0.56","0.04","2.08","603.45","26.81","58.18","5.76","25.78","5.03","1.22","6.0","0.96","5.95","1.22","3.68","0.51","2.93","0.57","3.37","0.34","3.37","3.96","1.11"
"Iron-SI-P","MA-201426","Eisenberg","13.7","6.51","888.84","6.87","18.56","10.63","137.99","67.96","15.86","3.24","11.19","2.53","42.63","125.84","51.67","139.76","6.17","0.6","0.73","0.01","2.48","667.44","34.72","76.01","7.48","30.95","6.26","1.45","7.47","1.14","7.73","1.43","4.59","0.45","3.17","0.43","3.59","0.43","3.59","4.41","1.4"
"Iron-SI-P","MA-201426","Eisenberg","15.04","3.93","1447.0","8.2","33.15","17.48","66.86","84.3","3.43","4.29","10.72","13.39","32.7","108.27","50.87","155.21","6.06","0.2","1.11","0.06","1.91","572.54","30.7","64.55","6.53","27.01","6.0","1.47","6.84","0.97","6.64","1.44","4.05","0.52","3.63","0.47","3.77","0.44","3.77","4.12","1.17"
"Iron-SI-P","MA-201426","Eisenberg","8.67","1.99","405.48","5.62","130.35","133.41","73.45","49.09","4.32","3.58","7.16","10.19","7.08","45.92","13.71","62.85","1.68","0.49","0.24","0.01","0.55","179.84","7.77","18.2","1.84","7.19","1.6","0.34","1.88","0.25","1.6","0.42","1.02","0.24","1.05","0.19","1.9","0.14","1.9","1.06","0.46"
"Iron-SI-P","MA-201426","Eisenberg","15.81","4.66","1514.55","7.44","20.56","19.33","28.04","13.39","1.78","0.48","8.44","3.16","34.97","109.13","45.51","113.88","4.87","0.41","0.55","0.07","2.46","542.25","26.88","58.3","5.28","22.12","5.49","1.22","5.64","1.03","5.82","1.26","3.66","0.41","3.41","0.47","3.48","0.32","3.48","3.56","1.1"
"Iron-SI-P","MA-201426","Eisenberg","13.21","5.62","1320.75","6.34","43.26","33.82","147.07","249.88","29.51","1.92","14.18","1.01","33.73","90.54","50.42","137.04","5.65","2.06","0.59","0.07","2.17","582.49","29.52","63.92","6.21","27.61","6.7","1.21","6.86","1.0","7.2","1.43","3.42","0.41","4.05","0.49","3.07","0.43","3.07","3.62","1.17"
"Iron-SI-P","MA-201426","Eisenberg","12.4","3.75","1264.6","6.67","45.64","30.05","165.82","323.93","19.88","1.39","10.88","2.41","30.06","79.44","40.77","113.1","4.4","0.89","0.82","0.08","1.9","499.48","24.77","52.19","4.81","20.48","4.37","1.16","5.35","0.84","5.19","1.17","3.19","0.39","2.93","0.4","3.0","0.34","3.0","3.29","1.22"
"Iron-SI-P","MA-201426","Eisenberg","13.96","4.7","1218.08","7.36","39.43","30.84","79.82","98.26","10.52","14.62","10.73","6.19","33.44","105.7","45.35","126.64","4.99","0.57","0.75","0.09","2.04","583.69","27.36","59.29","5.72","24.23","5.19","1.19","6.1","0.92","5.85","1.23","3.66","0.47","3.29","0.49","3.35","0.38","3.35","3.57","1.13"
"Iron-SI-P","MA-201427","Eisenberg","18.03","5.42","1538.76","14.98","122.89","134.61","8.89","20.71","5.91","16.4","11.76","0.55","37.18","91.78","28.4","225.87","9.63","1.0","0.85","0.47","1.82","361.01","22.69","41.7","5.13","21.29","5.74","0.88","5.38","0.61","5.86","0.99","2.62","0.48","3.02","0.45","5.41","0.59","5.41","5.19","4.4"
"Iron-SI-P","MA-201427","Eisenberg","30.09","12.09","826.11","14.79","289.49","310.1","9.33","69.61","9.34","5.22","11.8","6.45","49.67","129.3","57.6","277.37","12.28","0.73","0.88","0.5","2.26","637.11","34.69","72.41","8.83","37.06","8.0","1.94","8.47","1.33","7.94","1.51","4.38","0.57","4.75","0.7","8.3","0.88","8.3","7.15","13.07"
"Iron-SI-P","MA-201427","Eisenberg","14.32","4.78","940.07","7.52","43.34","45.38","4.39","1.03","1.23","8.24","8.67","0.01","39.23","85.38","35.71","215.54","8.17","0.71","0.39","0.08","1.74","410.57","23.62","45.44","6.24","26.15","6.24","1.1","5.25","1.03","5.97","1.08","3.33","0.45","2.79","0.44","4.99","0.44","4.99","5.22","4.87"
"Iron-SI-P","MA-201427","Eisenberg","15.96","4.3","2788.96","12.04","177.09","215.91","4.5","5.72","6.13","14.03","20.18","1.05","24.75","65.73","28.7","151.46","6.99","2.57","0.87","0.34","0.86","293.76","18.07","38.27","4.56","18.91","4.87","0.95","5.73","0.85","4.5","0.85","2.6","0.34","2.43","0.38","4.28","0.4","4.28","5.2","5.63"
"Iron-SI-P","MA-201427","Eisenberg","20.19","0.69","1096.16","7.4","122.49","176.48","1.98","10.44","4.85","24.94","29.57","2.9","18.33","146.88","19.49","172.9","7.97","1.85","0.25","0.08","0.61","264.83","20.8","41.97","5.07","15.85","2.63","1.02","3.31","0.6","3.59","0.64","1.78","0.26","1.64","0.18","3.92","0.51","3.92","6.23","3.19"
"Iron-SI-P","MA-201427","Eisenberg","16.32","6.08","1091.46","8.87","99.9","134.55","6.55","13.93","7.94","17.31","22.04","3.42","33.49","108.21","34.0","146.22","6.93","2.05","0.45","0.18","1.04","420.33","27.81","54.61","6.56","28.23","6.53","1.6","5.75","1.05","5.73","0.88","3.49","0.41","2.63","0.39","3.6","0.53","3.6","6.86","6.86"
"Iron-SI-P","MA-201427","Eisenberg","19.35","2.09","1509.24","11.23","141.0","163.88","3.41","6.61","10.42","42.64","12.86","4.01","13.92","46.63","19.65","95.51","4.14","2.18","0.18","0.21","0.53","171.31","11.84","24.37","2.77","11.02","2.62","0.49","3.63","0.39","2.12","0.63","2.0","0.39","2.08","0.35","3.13","0.27","3.13","3.27","3.7"
"Iron-SI-P","MA-201427","Eisenberg","22.09","1.75","1350.02","10.47","165.37","189.56","8.25","25.08","8.12","31.5","14.78","5.7","9.78","21.89","13.34","91.85","3.51","2.52","0.1","0.99","0.13","97.15","6.77","11.11","1.6","7.95","1.16","0.32","1.45","0.43","2.82","0.45","1.63","0.13","1.79","0.26","2.33","0.2","2.33","2.44","2.8"
"Iron-SI-P","MA-201427","Eisenberg","23.28","4.46","2430.28","11.31","104.49","109.82","18.08","45.85","15.26","27.27","20.24","9.23","0.42","60.14","27.36","100.76","3.59","4.53","0.19","0.18","0.29","167.87","17.79","41.55","4.85","20.7","4.39","1.13","6.14","0.47","4.43","0.4","2.11","0.2","1.9","0.42","3.18","0.4","3.18","4.93","5.8"
"Iron-SI-P","MA-201427","Eisenberg","23.68","0.01","2511.6","7.42","131.45","153.74","16.32","14.37","14.47","68.67","20.22","6.91","14.98","73.88","26.7","115.5","3.98","3.25","0.11","2.63","0.18","145.62","12.39","27.8","4.08","14.93","4.25","0.83","5.74","0.88","5.32","0.89","1.6","0.19","3.07","0.2","2.95","0.35","2.95","4.33","3.68"
"Iron-SI-P","MA-201427","Eisenberg","17.75","7.79","1022.16","9.61","160.96","228.62","4.38","0.51","5.77","6.09","6.19","0.44","36.93","80.0","50.86","207.53","7.88","0.33","0.34","0.01","1.95","485.99","32.07","58.41","8.23","34.32","8.33","1.61","7.8","1.21","6.89","1.46","4.43","0.56","3.68","0.52","5.5","0.59","5.5","5.7","6.87"
"Iron-SI-P","MA-201427","Eisenberg","15.05","5.61","1379.26","11.37","168.05","214.48","1.23","1.78","5.54","7.91","24.32","0.16","30.43","78.68","29.98","171.64","8.5","2.51","0.75","0.01","1.05","343.52","20.96","43.75","5.49","22.04","5.59","1.1","6.04","0.73","4.9","1.03","3.04","0.37","2.3","0.36","4.09","0.43","4.09","6.1","6.48"
"Iron-SI-P","MA-201427","Eisenberg","20.38","4.71","1083.88","10.33","71.84","60.47","1.61","3.19","5.05","5.85","25.63","1.01","33.94","93.44","38.13","211.94","10.02","2.48","0.43","0.15","1.3","400.0","25.21","53.29","6.49","28.34","5.93","1.6","6.09","1.15","6.18","1.28","3.51","0.56","3.4","0.51","5.36","0.56","5.36","7.39","7.9"
"Iron-SI-P","MA-201427","Eisenberg","18.68","8.01","1407.02","9.57","170.07","240.14","14.89","21.05","5.71","11.47","6.22","0.91","35.43","82.5","52.13","210.18","8.76","0.27","0.42","0.01","1.71","451.18","31.88","57.92","8.4","34.39","7.76","1.83","8.53","1.22","7.64","1.45","3.92","0.56","3.66","0.57","5.66","0.53","5.66","5.56","6.48"
"Iron-SI-P","MA-201427","Eisenberg","18.53","5.11","1003.29","11.4","118.19","112.58","17.12","31.05","4.27","4.22","11.69","0.01","40.18","93.59","31.74","238.85","9.41","1.03","0.89","0.03","1.71","339.68","23.22","43.75","5.38","22.95","4.96","1.1","5.14","0.78","4.68","1.04","2.97","0.4","2.69","0.41","6.64","0.51","6.64","5.96","5.25"
"Iron-SI-P","MA-201427","Eisenberg","19.27","4.22","1556.11","10.09","135.91","166.69","8.19","14.97","7.79","21.83","17.83","2.98","24.38","79.3","31.01","159.53","6.81","2.13","0.42","0.4","0.95","298.44","20.73","41.4","5.29","21.64","4.92","1.13","5.44","0.81","4.9","0.92","2.76","0.37","2.61","0.38","4.22","0.44","4.22","5.33","5.39"
"Bloom","MA-200988-1A","Eisenberg","28.5","19.0","350.5","9.1","49.5","29.6","1.4","0.2","2.7","14.5","8.0","0.3","123.4","348.2","63.2","113.0","9.2","1.5","1.2",,"9.8","5113.0","29.3","54.8","7.2","33.4","8.6","2.3","12.9","2.1","12.4","2.5","6.3","0.8","4.8","0.6","3.0","0.7","1.0","8.5","14.4"
"Bloom","MA-200988-1A","Eisenberg","18.0","6.4","470.3","13.0","52.4","50.9","2.3","0.2","1.3","17.0","6.3","0.3","52.1","133.2","41.4","51.8","3.7","2.0","0.5",,"4.0","1793.0","10.5","22.0","2.9","13.0","3.5","0.9","5.9","1.0","6.9","1.5","4.6","0.7","4.7","0.8","1.6","0.3","0.5","3.4","6.6"
"Bloom","MA-200988-1A","Eisenberg","31.6","24.2","452.9","7.2","32.7","13.4","0.6","0.2","3.6","16.5","8.3","0.2","146.9","449.2","82.6","142.7","11.5","1.3","1.5",,"11.9","6654.7","40.2","72.8","9.8","46.0","12.4","3.3","18.2","2.8","16.9","3.3","8.3","1.0","5.9","0.8","4.2","0.9","1.3","12.1","18.0"
"Bloom","MA-200988-1A","Eisenberg","20.9","8.3","568.1","11.5","48.0","30.7","1.3","0.2","1.7","17.6","5.7","0.3","65.4","175.2","43.3","56.7","4.0","1.8","0.6",,"5.1","2629.9","14.3","25.3","3.4","15.8","4.4","1.2","6.9","1.1","7.7","1.7","4.9","0.8","4.7","0.8","1.7","0.3","0.5","4.3","6.3"
"Bloom","MA-200988-1A","Eisenberg","16.1","3.0","575.2","12.2","74.2","53.5","2.0","0.01","0.8","19.0","7.7","0.2","21.8","53.0","26.0","29.8","1.8","1.9","0.2",,"2.1","822.4","5.4","9.9","1.3","6.4","1.9","0.5","3.0","0.5","4.1","1.0","3.2","0.5","3.9","0.6","1.0","0.2","0.2","1.7","2.7"
"Bloom","MA-200988-1A","Eisenberg","20.9","10.4","492.8","11.7","44.1","18.6","0.8","0.1","1.9","16.7","7.2","0.01","84.8","216.5","57.8","79.4","5.5","1.8","0.8",,"5.9","2831.2","19.0","36.0","5.0","21.3","5.5","1.5","9.3","1.6","10.3","2.1","6.0","0.8","5.5","0.9","2.3","0.5","0.7","5.8","9.3"
"Bloom","MA-200988-1A","Eisenberg","16.9","7.3","404.0","8.0","38.2","21.7","1.1","0.1","1.3","16.7","6.4","0.1","63.6","156.1","38.1","54.4","4.2","1.2","0.6",,"5.4","2505.9","14.6","28.5","3.6","16.2","4.4","1.2","6.7","1.1","7.0","1.5","4.1","0.6","4.0","0.6","1.8","0.4","0.6","4.4","7.4"
"Bloom","MA-200988-1A","Eisenberg","16.4","7.6","405.3","8.6","36.9","20.3","1.1","0.2","1.2","14.8","5.4","0.2","63.5","165.1","38.4","53.5","4.2","1.4","0.7",,"5.2","2575.3","14.1","28.5","3.6","15.8","4.6","1.2","6.7","1.1","6.9","1.5","4.2","0.6","4.0","0.6","1.6","0.4","0.5","4.3","8.0"
"Bloom","MA-200988-1A","Eisenberg","20.6","13.4","475.2","9.5","32.8","24.7","34.9","9.3","4.0","16.2","6.0","0.2","104.4","281.4","57.2","86.0","6.9","1.6","1.1",,"9.4","4105.2","25.3","48.0","6.1","28.4","7.9","2.0","11.1","1.8","10.9","2.3","6.2","0.8","5.5","0.8","2.6","0.6","1.0","7.7","12.4"
"Bloom","MA-200988-1A","Eisenberg","30.8","15.4","368.4","7.6","56.9","43.7","5.5","1.2","2.9","19.0","7.0","0.01","158.0","359.8","58.3","97.9","8.2","1.5","1.3",,"12.7","5550.3","30.1","59.1","7.3","31.8","8.6","2.4","12.8","1.9","11.3","2.2","5.9","0.8","4.7","0.6","3.0","0.7","1.1","9.0","15.7"
"Bloom","MA-200988-1A","Eisenberg","20.0","9.6","385.5","10.1","47.2","31.6","1.9","0.3","1.8","18.0","5.6","0.3","78.3","213.2","43.0","65.2","5.3","1.6","0.8",,"6.2","3160.9","17.8","37.9","4.6","19.4","5.5","1.5","8.2","1.3","8.1","1.6","4.8","0.7","4.6","0.7","2.1","0.4","0.7","5.3","10.7"
"Bloom","MA-200988-1B","Eisenberg","30.3","12.4","170.9","8.5","31.4","13.1","0.6","0.2","3.0","12.7","7.0","0.01","115.2","249.8","43.3","68.5","6.9","1.2","0.9",,"8.9","4009.2","19.9","45.9","5.2","21.9","5.9","1.7","8.0","1.3","7.3","1.5","4.0","0.5","3.4","0.5","1.7","0.4","1.0","4.8","11.2"
"Bloom","MA-200988-1B","Eisenberg","25.3","13.1","207.2","7.6","14.5","1.8","0.8","0.3","3.1","13.7","8.2","0.3","115.3","256.6","45.6","63.3","6.8","1.2","1.2",,"8.5","4242.6","20.4","47.6","5.3","22.1","5.9","1.7","8.5","1.3","8.0","1.6","4.5","0.6","3.8","0.5","1.6","0.4","1.1","5.0","12.3"
"Bloom","MA-200988-1B","Eisenberg","24.7","13.8","226.2","8.5","19.1","3.7","2.7","0.2","3.4","16.7","7.2","0.3","95.6","255.5","48.5","76.1","7.6","1.5","1.3",,"8.2","4209.7","22.6","53.3","5.9","25.4","6.7","1.9","9.8","1.5","8.8","1.8","4.7","0.6","4.1","0.5","1.9","0.5","1.2","5.7","13.8"
"Bloom","MA-200988-1B","Eisenberg","23.0","9.8","212.4","8.8","29.4","8.8","0.7","0.2","1.2","14.9","7.3","0.3","81.4","201.3","42.6","61.5","5.5","1.3","0.7",,"6.7","3177.4","17.3","37.8","4.3","18.7","5.2","1.5","7.8","1.2","7.6","1.5","4.5","0.6","4.0","0.6","1.6","0.4","0.8","4.6","9.5"
"Bloom","MA-200988-1B","Eisenberg","27.2","13.3","242.8","7.6","19.2","4.8","1.2","0.2","1.4","14.9","7.5","0.3","111.1","276.5","44.4","69.6","7.1","1.0","1.0",,"8.7","4623.0","22.5","51.6","5.8","24.2","6.6","2.1","9.2","1.4","8.6","1.7","4.5","0.6","3.8","0.5","1.9","0.5","1.1","5.7","13.3"
"Bloom","MA-200988-1B","Eisenberg","19.6","10.5","291.1","8.8","33.6","10.3","7.0","0.5","6.5","16.8","7.5","0.5","77.6","208.6","42.2","64.7","5.7","1.3","0.9",,"6.8","3253.4","18.0","41.9","4.8","20.2","5.5","1.7","8.0","1.3","7.9","1.5","4.5","0.6","3.9","0.6","1.8","0.4","0.9","5.0","11.0"
"Bloom","MA-200988-1B","Eisenberg","29.8","10.7","223.4","7.9","39.1","11.0","0.5","0.01","2.1","18.2","8.8","0.4","88.0","215.4","40.2","64.4","5.9","1.2","0.8",,"7.0","3439.8","17.8","37.8","4.4","19.3","5.4","1.4","7.6","1.2","7.3","1.5","4.2","0.6","3.7","0.5","1.7","0.4","0.8","4.6","9.1"
"Bloom","MA-200988-1B","Eisenberg","26.5","11.5","236.0","8.4","39.2","12.7","0.6","0.1","2.5","17.5","8.4","0.3","92.1","220.0","41.4","65.4","6.0","1.3","0.8",,"7.1","3570.7","18.0","39.1","4.5","19.2","5.3","1.5","7.8","1.2","7.4","1.5","4.1","0.6","3.7","0.5","1.6","0.4","0.8","4.6","9.0"
"Bloom","MA-200988-1B","Eisenberg","29.3","12.6","232.3","8.9","35.0","12.0","0.6","0.2","2.1","14.5","7.0","0.4","90.1","245.4","44.0","71.2","6.3","1.2","1.0",,"8.1","3857.6","18.5","41.1","4.8","20.6","5.7","1.6","8.0","1.3","7.5","1.6","4.4","0.6","4.0","0.6","1.9","0.4","0.9","4.5","9.8"
"Bloom","MA-200988-1B","Eisenberg","32.8","19.0","174.2","6.4","20.8","5.3","0.3","0.2","5.2","13.5","8.0","0.3","172.6","362.3","54.8","95.4","10.2","1.0","1.6",,"12.7","5880.5","31.3","74.3","8.2","33.4","9.4","2.7","12.5","1.9","11.1","2.1","5.5","0.7","4.0","0.5","2.4","0.7","1.5","8.0","18.5"
"Bloom","MA-200988-1B","Eisenberg","27.5","9.7","219.8","8.9","44.8","14.8","0.7","0.01","2.4","18.3","8.1","0.3","75.5","182.0","34.1","55.3","5.3","1.5","0.9",,"7.0","3031.2","14.4","35.8","4.0","16.1","4.4","1.2","6.3","1.1","6.2","1.3","3.7","0.5","3.3","0.5","1.5","0.4","0.8","3.9","10.1"
"Bloom","MA-200988-1B","Eisenberg","32.5","16.3","202.8","8.0","35.2","12.1","0.6","0.2","3.2","14.5","6.9","0.3","113.3","325.5","44.4","84.9","8.3","1.4","1.5",,"10.3","5245.0","22.6","52.1","5.9","25.1","6.6","1.9","9.6","1.5","8.6","1.7","4.6","0.6","3.6","0.5","2.1","0.6","1.3","5.9","13.9"
"Bloom","MA-200988-1B","Eisenberg","38.4","15.9","171.3","6.0","20.2","10.2","2.4","0.5","3.5","15.9","7.4","0.4","142.3","330.3","47.3","79.6","8.1","1.2","1.4",,"11.5","5116.5","25.6","57.4","6.5","26.9","7.1","2.0","10.1","1.5","8.8","1.7","4.5","0.6","3.5","0.5","2.0","0.5","1.1","6.4","13.7"
"Bloom","MA-200988-1B","Eisenberg","21.9","10.8","190.9","8.2","33.2","13.6","1.6","0.01","2.7","16.4","6.8","0.2","103.8","239.5","38.9","64.6","5.7","1.3","0.9",,"7.9","3440.0","18.2","39.4","4.5","18.7","5.0","1.4","7.2","1.1","6.7","1.4","3.8","0.5","3.3","0.5","1.7","0.4","0.8","4.3","9.3"
"Bloom","MA-200988-1B","Eisenberg","26.7","9.3","196.5","8.2","70.6","52.6","1.8","0.2","3.1","19.2","7.2","0.4","99.8","193.6","36.4","65.7","5.4","1.6","0.8",,"7.9","2897.3","16.3","35.2","4.1","17.3","5.0","1.3","6.9","1.1","6.2","1.2","3.6","0.5","2.9","0.4","1.6","0.4","0.7","4.1","8.5"
"Bloom","MA-200988-2B","Eisenberg","34.5","15.8","797.5","10.2","197.0","74.9","928.0","328.7","117.5","149.1","11.6","50.9","61.8","48.9","48.5","133.6","9.2","7.0","1.3",,"9.0","596.3","30.4","65.2","8.1","34.0","8.5","2.0","12.3","2.0","10.4","2.2","5.3","0.7","4.2","0.5","3.9","0.7","0.9","8.1","15.5"
"Bloom","MA-200988-2B","Eisenberg","26.4","13.5","211.8","7.2","65.9","30.6","6.0","2.8","2.4","16.5","7.3","0.01","118.0","309.3","47.5","90.9","7.3","1.6","1.1",,"9.5","4431.9","24.0","50.9","6.2","26.5","6.9","1.9","10.6","1.6","9.6","1.9","4.9","0.6","4.1","0.5","2.8","0.6","1.0","7.3","14.4"
"Bloom","MA-200988-2B","Eisenberg","19.5","6.8","220.1","7.4","56.1","30.1","2.2","0.4","1.4","20.8","9.1","0.01","57.3","141.5","29.9","43.4","3.7","1.6","0.5",,"4.8","2138.9","12.3","25.9","3.2","13.5","3.5","1.0","5.5","0.9","5.5","1.2","3.3","0.5","3.0","0.5","1.3","0.3","0.6","3.7","7.2"
"Bloom","MA-200988-2B","Eisenberg","26.0","10.8","269.3","9.0","38.9","12.5","0.6","0.01","3.2","15.1","7.5","0.01","119.0","233.7","52.6","76.5","6.0","1.5","0.8",,"8.2","3865.4","24.1","50.7","6.1","25.9","6.8","1.9","10.2","1.7","9.9","2.0","5.5","0.7","4.8","0.7","2.3","0.5","1.0","6.8","12.8"
"Bloom","MA-200988-2B","Eisenberg","26.8","9.3","269.3","9.4","33.6","10.4","0.8","0.1","1.8","17.2","7.7","0.3","95.2","221.4","43.8","56.4","4.6","1.5","0.8",,"7.2","3501.8","18.4","39.2","4.6","19.4","5.6","1.6","7.9","1.4","7.6","1.6","4.7","0.6","4.5","0.7","1.7","0.4","0.8","5.1","9.8"
"Bloom","MA-200988-2B","Eisenberg","24.4","9.8","277.7","9.4","39.3","13.8","0.8","0.2","2.1","17.3","9.0","0.2","79.4","190.8","43.0","59.2","5.1","1.7","0.8",,"6.9","3180.0","16.6","34.9","4.1","19.1","5.2","1.5","7.6","1.3","7.9","1.7","4.8","0.7","4.4","0.7","1.7","0.4","0.8","4.7","9.2"
"Bloom","MA-200988-2B","Eisenberg","26.5","13.0","233.5","8.7","34.5","11.4","0.8","0.01","2.2","15.5","7.6","0.2","101.7","280.6","48.6","75.0","6.7","1.6","1.0",,"8.7","4554.5","21.7","46.5","5.5","23.5","6.4","1.9","9.2","1.5","8.9","1.8","4.9","0.7","4.5","0.6","2.2","0.5","1.0","6.0","11.8"
"Bloom","MA-200988-2B","Eisenberg","21.5","8.3","242.4","9.5","42.3","15.8","0.5","0.2","1.7","16.9","8.0","0.3","79.5","179.0","46.6","63.7","4.9","1.7","0.7",,"6.2","2972.4","17.6","37.4","4.5","18.6","5.5","1.5","8.0","1.3","7.9","1.7","4.8","0.7","4.5","0.6","1.8","0.4","0.8","4.8","9.0"
"Bloom","MA-200988-2B","Eisenberg","26.8","14.5","231.0","8.4","31.3","11.4","0.4","2.3","2.5","12.9","7.0","0.4","124.8","297.7","54.6","82.7","7.5","1.4","1.1",,"10.2","5073.0","25.3","53.1","6.3","28.1","8.0","2.4","10.6","1.7","9.9","2.0","5.8","0.7","4.9","0.6","2.3","0.5","1.1","6.8","13.3"
"Bloom","MA-200988-2B","Eisenberg","25.6","9.1","219.2","8.9","42.3","15.5","0.5","0.01","1.3","18.1","8.7","0.2","64.8","179.9","41.7","59.7","4.9","1.8","0.6",,"5.6","2776.9","15.6","34.2","4.1","16.9","4.7","1.3","7.1","1.2","7.2","1.5","4.1","0.6","3.8","0.6","1.7","0.4","0.7","4.5","8.6"
"Bloom","MA-200988-2B","Eisenberg","26.6","15.7","201.9","7.0","56.0","26.0","0.3","0.2","2.6","14.9","8.1","0.01","146.4","325.7","59.1","88.3","7.7","1.2","1.1",,"12.1","5650.8","28.4","59.3","7.2","30.8","8.5","2.4","12.2","1.9","10.5","2.1","5.5","0.7","4.3","0.5","2.3","0.6","1.0","7.4","13.5"
"Bloom","MA-200988-2B","Eisenberg","27.3","13.6","258.8","6.5","19.9","6.7","6.9","5.4","16.6","14.4","7.8","2.9","106.4","282.2","48.7","72.5","6.9","2.9","1.3",,"8.7","4372.8","22.5","48.7","5.9","26.0","6.9","2.0","9.3","1.5","9.0","1.9","5.1","0.7","4.1","0.5","2.0","0.5","1.0","6.1","11.8"
"Bloom","MA-200988-2B","Eisenberg","14.0","1.4","225.3","10.6","101.1","82.7","2.7","0.2","1.6","18.3","7.1","0.01","9.9","26.3","18.2","19.5","1.0","1.9","0.1",,"0.9","429.8","2.6","5.5","0.6","3.0","1.0","0.2","1.7","0.3","2.5","0.6","2.1","0.4","2.8","0.5","0.7","0.1","0.1","0.8","1.4"
"Bloom","MA-200988-2B","Eisenberg","22.6","6.5","344.0","10.3","30.6","24.2","67.3","10.3","16.0","13.8","4.7","0.3","46.5","102.6","32.6","41.8","3.5","1.7","0.6",,"4.0","1630.7","9.8","22.1","2.6","11.6","3.2","0.9","4.9","0.9","5.6","1.2","3.7","0.5","3.8","0.6","1.1","0.3","0.4","2.9","6.0"
"Bloom","MA-200988-2B","Eisenberg","19.1","5.2","211.1","9.1","89.1","47.8","1.9","0.2","2.1","18.7","8.8","0.01","57.0","110.3","29.7","43.8","3.2","1.8","0.4",,"4.3","1721.4","11.0","23.4","2.8","11.8","3.1","0.9","5.0","0.8","5.1","1.1","3.2","0.5","3.2","0.5","1.3","0.3","0.5","2.9","5.7"
"Bloom","MA-200988-1A","Eisenberg","23.2","12.7","410.4","11.0","51.0","40.2","1.9","0.2","2.0","15.7","7.1","0.3","87.7","240.7","52.3","82.4","6.5","1.8","0.9",,"6.9","3453.0","19.9","38.4","5.1","23.2","6.0","1.6","9.4","1.5","9.7","2.0","5.5","0.7","4.7","0.7","2.3","0.5","0.7","6.0","10.5"
"Bloom","MA-200988-1A","Eisenberg","22.9","11.8","532.1","10.3","51.7","32.5","1.3","0.1","2.0","17.7","7.2","0.2","78.0","225.8","50.6","76.4","5.8","1.7","0.8",,"6.4","3369.0","19.9","36.0","4.8","22.7","6.2","1.7","9.3","1.5","9.6","2.0","5.4","0.8","4.8","0.7","2.3","0.5","0.7","6.0","9.0"
"Bloom","MA-200988-1A","Eisenberg","20.9","10.4","492.8","11.7","44.1","18.6","0.8","0.1","1.9","16.7","7.2","0.01","84.8","216.5","57.8","79.4","5.5","1.8","0.8",,"5.9","2831.2","19.0","36.0","5.0","21.3","5.5","1.5","9.3","1.6","10.3","2.1","6.0","0.8","5.5","0.9","2.3","0.5","0.7","5.8","9.3"
"Bloom","MA-200988-1A","Eisenberg","16.6","7.5","404.6","8.3","37.5","21.0","1.1","0.2","1.2","15.8","5.9","0.2","63.5","160.6","38.2","53.9","4.2","1.3","0.6",,"5.3","2540.6","14.4","28.5","3.6","16.0","4.5","1.2","6.7","1.1","6.9","1.5","4.1","0.6","4.0","0.6","1.7","0.4","0.6","4.4","7.7"
"Bloom","MA-200988-1A","Eisenberg","23.8","12.8","409.7","9.1","45.6","33.3","14.1","3.6","2.9","17.7","6.2","0.2","113.6","284.8","52.8","83.0","6.8","1.6","1.1",,"9.4","4272.1","24.4","48.3","6.0","26.5","7.3","2.0","10.7","1.7","10.1","2.0","5.6","0.8","4.9","0.7","2.6","0.6","0.9","7.3","13.0"
"Bloom","MA-200988-1A","Eisenberg","21.5","11.0","449.9","10.1","46.0","29.1","3.8","0.8","2.0","16.7","6.7","0.2","85.5","225.7","50.4","75.0","5.8","1.6","0.8",,"6.8","3293.2","19.5","37.5","4.9","21.9","5.9","1.6","9.1","1.5","9.3","1.9","5.3","0.7","4.8","0.7","2.2","0.5","0.7","5.9","9.9"
"Bloom","MA-200988-1B","Eisenberg","26.8","13.1","201.4","8.2","21.7","6.2","1.4","0.2","3.2","14.4","7.4","0.2","108.7","254.0","45.8","69.3","7.1","1.3","1.1",,"8.5","4153.8","20.9","48.9","5.5","23.2","6.2","1.8","8.8","1.4","8.0","1.6","4.4","0.6","3.8","0.5","1.7","0.4","1.1","5.1","12.4"
"Bloom","MA-200988-1B","Eisenberg","23.3","11.2","248.8","8.4","27.4","8.0","2.9","0.3","3.0","15.5","7.4","0.4","90.0","228.8","43.0","65.3","6.1","1.2","0.9",,"7.4","3684.6","19.3","43.8","5.0","21.0","5.7","1.8","8.3","1.3","8.0","1.6","4.5","0.6","3.9","0.6","1.7","0.4","0.9","5.1","11.3"
"Bloom","MA-200988-1B","Eisenberg","28.5","11.6","230.6","8.4","37.8","11.9","0.6","0.1","2.2","16.7","8.0","0.3","90.0","226.9","41.9","67.0","6.1","1.2","0.9",,"7.4","3622.7","18.1","39.3","4.6","19.7","5.5","1.5","7.8","1.2","7.4","1.5","4.2","0.6","3.8","0.5","1.7","0.4","0.9","4.6","9.3"
"Bloom","MA-200988-1B","Eisenberg","30.9","15.0","198.9","7.8","33.6","10.7","0.5","0.2","3.6","15.4","7.7","0.3","120.4","289.9","44.4","78.5","8.0","1.3","1.3",,"10.0","4718.9","22.8","54.1","6.0","24.9","6.8","1.9","9.5","1.5","8.6","1.7","4.6","0.6","3.6","0.5","2.0","0.5","1.2","5.9","14.2"
"Bloom","MA-200988-1B","Eisenberg","29.0","12.0","186.3","7.5","41.3","25.5","1.9","0.2","3.1","17.2","7.1","0.3","115.3","254.5","40.9","70.0","6.4","1.4","1.0",,"9.1","3817.9","20.0","44.0","5.0","21.0","5.7","1.6","8.0","1.2","7.2","1.4","4.0","0.5","3.3","0.4","1.8","0.4","0.9","4.9","10.5"
"Bloom","MA-200988-1B","Eisenberg","28.8","12.9","204.3","8.0","33.6","13.6","1.1","0.2","3.0","15.9","7.6","0.3","108.6","256.3","43.3","71.2","6.9","1.3","1.1",,"8.8","4078.3","20.5","46.6","5.3","22.2","6.0","1.7","8.5","1.3","7.8","1.6","4.3","0.6","3.6","0.5","1.8","0.4","1.0","5.1","11.6"
"Bloom","MA-200988-2B","Eisenberg","26.8","12.0","409.8","8.3","106.3","45.2","0.01","0.01","0.01","0.01","9.3","0.01","79.0","166.6","42.0","89.3","6.7","3.4","1.0",,"7.8","2389.0","22.2","47.4","5.8","24.7","6.3","1.6","9.5","1.5","8.5","1.8","4.5","0.6","3.8","0.5","2.7","0.5","0.8","6.3","12.4"
"Bloom","MA-200988-2B","Eisenberg","25.7","10.0","272.1","9.3","37.3","12.2","0.7","0.1","2.4","16.5","8.1","0.2","97.9","215.3","46.5","64.0","5.3","1.6","0.8",,"7.5","3515.7","19.7","41.6","5.0","21.5","5.9","1.6","8.6","1.4","8.4","1.8","5.0","0.7","4.6","0.7","1.9","0.4","0.9","5.5","10.6"
"Bloom","MA-200988-2B","Eisenberg","25.1","11.2","231.5","8.9","37.6","13.5","0.5","0.6","1.9","15.9","7.8","0.3","92.7","234.3","47.9","70.3","6.0","1.6","0.9",,"7.7","3844.2","20.0","42.8","5.1","21.8","6.1","1.8","8.7","1.4","8.4","1.7","4.9","0.7","4.4","0.6","2.0","0.5","0.9","5.5","10.7"
"Bloom","MA-200988-2B","Eisenberg","26.9","14.7","230.3","6.7","38.0","16.4","3.6","2.8","9.6","14.7","7.9","1.4","126.4","304.0","53.9","80.4","7.3","2.0","1.2",,"10.4","5011.8","25.5","54.0","6.5","28.4","7.7","2.2","10.8","1.7","9.8","2.0","5.3","0.7","4.2","0.5","2.2","0.5","1.0","6.8","12.7"
"Bloom","MA-200988-2B","Eisenberg","18.6","4.4","260.1","10.0","73.6","51.6","24.0","3.6","6.5","16.9","6.9","0.1","37.8","79.7","26.8","35.0","2.6","1.8","0.4",,"3.1","1260.6","7.8","17.0","2.0","8.8","2.5","0.7","3.9","0.7","4.4","1.0","3.0","0.5","3.3","0.5","1.0","0.2","0.3","2.2","4.4"
"Bloom","MA-200988-2B","Eisenberg","24.6","10.4","280.8","8.6","58.5","27.8","7.2","1.8","5.1","16.0","8.0","0.5","86.8","200.0","43.4","67.8","5.6","2.1","0.8",,"7.3","3204.3","19.0","40.6","4.9","21.0","5.7","1.6","8.3","1.4","7.9","1.6","4.6","0.6","4.0","0.6","1.9","0.4","0.8","5.3","10.1"
